{"cameraMode":{"drawMode":0,"name":"Shaded","section":"Shading Mode"},"sceneLighting":true,"audioPlay":false,"sceneViewState":{"showFog":true,"showMaterialUpdate":false,"showSkybox":true,"showFlares":true,"showImageEffects":true,"showParticleSystems":true},"in2DMode":false,"pivot":{"x":-107.06364440917969,"y":5.853300094604492,"z":5.4729766845703129},"rotation":{"x":0.09734444320201874,"y":0.9003679752349854,"z":-0.2640966773033142,"w":0.33183515071868899},"size":2.060170888900757,"orthographic":false}