{"cameraMode":{"drawMode":0,"name":"Shaded","section":"Shading Mode"},"sceneLighting":false,"audioPlay":false,"sceneViewState":{"showFog":true,"showMaterialUpdate":false,"showSkybox":true,"showFlares":true,"showImageEffects":true,"showParticleSystems":true},"in2DMode":false,"pivot":{"x":-66.59786224365235,"y":-3.907700300216675,"z":0.35552549362182619},"rotation":{"x":0.16924242675304414,"y":0.7151026129722595,"z":-0.18550527095794679,"w":0.652359664440155},"size":22.0,"orthographic":false}