{"cameraMode":{"drawMode":0,"name":"Shaded","section":"Shading Mode"},"sceneLighting":false,"audioPlay":false,"sceneViewState":{"showFog":true,"showMaterialUpdate":false,"showSkybox":true,"showFlares":true,"showImageEffects":true,"showParticleSystems":true},"in2DMode":false,"pivot":{"x":-4055.4853515625,"y":-39.156097412109378,"z":-10279.13671875},"rotation":{"x":0.16924242675304414,"y":0.7151026129722595,"z":-0.18550527095794679,"w":0.652359664440155},"size":136.47705078125,"orthographic":false}