{"cameraMode":{"drawMode":0,"name":"Shaded","section":"Shading Mode"},"sceneLighting":false,"audioPlay":false,"sceneViewState":{"showFog":true,"showMaterialUpdate":false,"showSkybox":true,"showFlares":true,"showImageEffects":true,"showParticleSystems":true},"in2DMode":false,"pivot":{"x":-64.45210266113281,"y":0.6600961685180664,"z":5.507717609405518},"rotation":{"x":-0.31079351902008059,"y":-0.5655949711799622,"z":0.24267932772636414,"w":-0.72430419921875},"size":191.13771057128907,"orthographic":false}