{"cameraMode":{"drawMode":0,"name":"Shaded","section":"Shading Mode"},"sceneLighting":false,"audioPlay":false,"sceneViewState":{"showFog":true,"showMaterialUpdate":false,"showSkybox":true,"showFlares":true,"showImageEffects":true,"showParticleSystems":true},"in2DMode":false,"pivot":{"x":-1830.281494140625,"y":0.7818755507469177,"z":1806.1646728515625},"rotation":{"x":0.17713956534862519,"y":-0.7954840660095215,"z":0.2767569124698639,"w":0.5091485977172852},"size":3.5233709812164308,"orthographic":false}