{"cameraMode":{"drawMode":0,"name":"Shaded","section":"Shading Mode"},"sceneLighting":false,"audioPlay":false,"sceneViewState":{"showFog":true,"showMaterialUpdate":false,"showSkybox":true,"showFlares":true,"showImageEffects":true,"showParticleSystems":true},"in2DMode":false,"pivot":{"x":-3862.9384765625,"y":-39.156097412109378,"z":-10247.564453125},"rotation":{"x":0.7044691443443298,"y":0.011705812066793442,"z":-0.011622418649494648,"w":0.7095429301261902},"size":136.50592041015626,"orthographic":false}