{"cameraMode":{"drawMode":0,"name":"Shaded","section":"Shading Mode"},"sceneLighting":false,"audioPlay":false,"sceneViewState":{"showFog":true,"showMaterialUpdate":false,"showSkybox":true,"showFlares":true,"showImageEffects":true,"showParticleSystems":true},"in2DMode":false,"pivot":{"x":-64.45210266113281,"y":0.6600961685180664,"z":5.507717609405518},"rotation":{"x":0.17045509815216065,"y":-0.8280594348907471,"z":0.34942707419395449,"w":0.40393486618995669},"size":191.13771057128907,"orthographic":false}