{"cameraMode":{"drawMode":0,"name":"Shaded","section":"Shading Mode"},"sceneLighting":true,"audioPlay":false,"sceneViewState":{"showFog":true,"showMaterialUpdate":false,"showSkybox":true,"showFlares":true,"showImageEffects":true,"showParticleSystems":true},"in2DMode":false,"pivot":{"x":-68.18914031982422,"y":-3.923290967941284,"z":-1.9235612154006959},"rotation":{"x":0.07070062309503555,"y":-0.03896816074848175,"z":0.002764045260846615,"w":0.9967322945594788},"size":0.8774840235710144,"orthographic":false}