{"cameraMode":{"drawMode":0,"name":"Shaded","section":"Shading Mode"},"sceneLighting":false,"audioPlay":false,"sceneViewState":{"showFog":true,"showMaterialUpdate":false,"showSkybox":true,"showFlares":true,"showImageEffects":true,"showParticleSystems":true},"in2DMode":false,"pivot":{"x":-0.004487395286560059,"y":0.8387596607208252,"z":-0.001938551664352417},"rotation":{"x":0.17713956534862519,"y":-0.7954840660095215,"z":0.2767569124698639,"w":0.5091485977172852},"size":4.1157636642456059,"orthographic":false}