{"cameraMode":{"drawMode":0,"name":"Shaded","section":"Shading Mode"},"sceneLighting":false,"audioPlay":false,"sceneViewState":{"showFog":true,"showMaterialUpdate":false,"showSkybox":true,"showFlares":true,"showImageEffects":true,"showParticleSystems":true},"in2DMode":false,"pivot":{"x":-0.1322655826807022,"y":0.7810428142547607,"z":-0.022499293088912965},"rotation":{"x":0.17713956534862519,"y":-0.7954840660095215,"z":0.2767569124698639,"w":0.5091485977172852},"size":3.510496139526367,"orthographic":false}