{"cameraMode":{"drawMode":0,"name":"Shaded","section":"Shading Mode"},"sceneLighting":true,"audioPlay":false,"sceneViewState":{"showFog":true,"showMaterialUpdate":false,"showSkybox":true,"showFlares":true,"showImageEffects":true,"showParticleSystems":true},"in2DMode":false,"pivot":{"x":-17.017566680908204,"y":1.559828758239746,"z":7.077792167663574},"rotation":{"x":-0.3102843761444092,"y":0.08514610677957535,"z":-0.02791539765894413,"w":-0.9464113712310791},"size":5.857884883880615,"orthographic":false}