{"cameraMode":{"drawMode":0,"name":"Shaded","section":"Shading Mode"},"sceneLighting":false,"audioPlay":false,"sceneViewState":{"showFog":true,"showMaterialUpdate":false,"showSkybox":true,"showFlares":true,"showImageEffects":true,"showParticleSystems":true},"in2DMode":false,"pivot":{"x":-4055.4853515625,"y":-39.156097412109378,"z":-10279.13671875},"rotation":{"x":0.02756596729159355,"y":0.9627179503440857,"z":-0.24665296077728272,"w":0.1075948029756546},"size":136.47705078125,"orthographic":false}